{
    "total_energy_released": 1.1862798292759746,
    "total_annihilations": 49,
    "energy_over_time": [
        0.3728197836740589,
        0.42032934592941995,
        0.5004746975402871,
        0.5373120521855641,
        0.5961185387957806,
        0.6060027961584588,
        0.6060027961584588,
        0.6060027961584588,
        0.6418376156892993,
        0.6759148647014334,
        0.6759148647014334,
        0.827920561310604,
        0.8476619576243424,
        0.8787325741782492,
        0.9335755563023551,
        0.9527798245170082,
        0.968081223065254,
        0.968081223065254,
        0.968081223065254,
        0.968081223065254,
        0.968081223065254,
        1.0041996837042306,
        1.0167404257808401,
        1.0229610456799325,
        1.033631485015245,
        1.033631485015245,
        1.033631485015245,
        1.033631485015245,
        1.0737757802213057,
        1.0737757802213057,
        1.0737757802213057,
        1.0737757802213057,
        1.0737757802213057,
        1.0737757802213057,
        1.104990583775596,
        1.104990583775596,
        1.104990583775596,
        1.104990583775596,
        1.1581248599401515,
        1.1718402450114744,
        1.1718402450114744,
        1.1718402450114744,
        1.1718402450114744,
        1.1718402450114744,
        1.1718402450114744,
        1.1718402450114744,
        1.1718402450114744,
        1.1718402450114744,
        1.1718402450114744,
        1.1718402450114744,
        1.1718402450114744,
        1.1718402450114744,
        1.1718402450114744,
        1.1718402450114744,
        1.1718402450114744,
        1.1718402450114744,
        1.1718402450114744,
        1.1718402450114744,
        1.1718402450114744,
        1.1718402450114744,
        1.1718402450114744,
        1.1718402450114744,
        1.1718402450114744,
        1.1718402450114744,
        1.1718402450114744,
        1.1718402450114744,
        1.1718402450114744,
        1.1718402450114744,
        1.1718402450114744,
        1.1718402450114744,
        1.1718402450114744,
        1.1718402450114744,
        1.1862798292759746,
        1.1862798292759746,
        1.1862798292759746,
        1.1862798292759746,
        1.1862798292759746,
        1.1862798292759746,
        1.1862798292759746,
        1.1862798292759746,
        1.1862798292759746,
        1.1862798292759746,
        1.1862798292759746,
        1.1862798292759746,
        1.1862798292759746,
        1.1862798292759746,
        1.1862798292759746,
        1.1862798292759746,
        1.1862798292759746,
        1.1862798292759746,
        1.1862798292759746,
        1.1862798292759746,
        1.1862798292759746,
        1.1862798292759746,
        1.1862798292759746,
        1.1862798292759746,
        1.1862798292759746,
        1.1862798292759746,
        1.1862798292759746,
        1.1862798292759746
    ],
    "annihilation_count_per_step": [
        16,
        1,
        3,
        2,
        2,
        1,
        0,
        0,
        1,
        2,
        0,
        4,
        1,
        1,
        3,
        1,
        1,
        0,
        0,
        0,
        0,
        1,
        1,
        1,
        1,
        0,
        0,
        0,
        1,
        0,
        0,
        0,
        0,
        0,
        1,
        0,
        0,
        0,
        2,
        1,
        0,
        0,
        0,
        0,
        0,
        0,
        0,
        0,
        0,
        0,
        0,
        0,
        0,
        0,
        0,
        0,
        0,
        0,
        0,
        0,
        0,
        0,
        0,
        0,
        0,
        0,
        0,
        0,
        0,
        0,
        0,
        0,
        1,
        0,
        0,
        0,
        0,
        0,
        0,
        0,
        0,
        0,
        0,
        0,
        0,
        0,
        0,
        0,
        0,
        0,
        0,
        0,
        0,
        0,
        0,
        0,
        0,
        0,
        0,
        0
    ],